{
  "best_metric": null,
  "best_model_checkpoint": null,
  "epoch": 0.9501187648456056,
  "eval_steps": 500,
  "global_step": 2000,
  "is_hyper_param_search": false,
  "is_local_process_zero": true,
  "is_world_process_zero": true,
  "log_history": [
    {
      "epoch": 0.2375296912114014,
      "grad_norm": 1.9942615032196045,
      "learning_rate": 0.0004604117181314331,
      "loss": 0.3468,
      "step": 500
    },
    {
      "epoch": 0.4750593824228028,
      "grad_norm": 0.9511055946350098,
      "learning_rate": 0.0004208234362628662,
      "loss": 0.2432,
      "step": 1000
    },
    {
      "epoch": 0.7125890736342043,
      "grad_norm": 1.308675765991211,
      "learning_rate": 0.00038123515439429927,
      "loss": 0.2277,
      "step": 1500
    },
    {
      "epoch": 0.9501187648456056,
      "grad_norm": 2.01699161529541,
      "learning_rate": 0.0003416468725257324,
      "loss": 0.2081,
      "step": 2000
    }
  ],
  "logging_steps": 500,
  "max_steps": 6315,
  "num_input_tokens_seen": 0,
  "num_train_epochs": 3,
  "save_steps": 500,
  "stateful_callbacks": {
    "TrainerControl": {
      "args": {
        "should_epoch_stop": false,
        "should_evaluate": false,
        "should_log": false,
        "should_save": true,
        "should_training_stop": false
      },
      "attributes": {}
    }
  },
  "total_flos": 1.6955071660032e+16,
  "train_batch_size": 32,
  "trial_name": null,
  "trial_params": null
}
